,Date,Unix,Ticker,DE Ratio,Price,stock_p_change,SP500,sp500_p_change,Difference
0,2013-03-18 17:23:07,1363607587.0,dfs,204.73,44.04,0.0,1552.1,0.0,0.0
1,2013-05-21 08:53:09,1369106589.0,dfs,204.73,48.19,9.42325158946412,1669.16,7.54203981702211,1.8812117724420103
2,2012-03-01 09:23:44,1330574024.0,dfs,222.48,30.01,-31.85740236148955,1374.09,-11.468977514335418,-20.388424847154134
3,2012-02-24 14:56:40,1330075600.0,dfs,222.48,30.05,-31.766575840145318,1365.74,-12.006958314541583,-19.759617525603737
4,2012-02-20 00:36:36,1329678396.0,dfs,222.48,29.54,-32.92461398728429,1361.23,-12.297532375491263,-20.627081611793024
5,2012-02-29 09:00:05,1330486205.0,dfs,222.48,30.37,-31.039963669391458,1365.68,-12.010824044842462,-19.029139624548996
6,2012-01-29 10:20:33,1327812633.0,dfs,222.48,27.14,-38.37420526793823,1318.43,-15.05508665678757,-23.31911861115066
7,2004-08-16 22:53:40,1092677020.0,dfs,0.0,15.25,-65.37238873751136,1079.34,-30.459377617421556,-34.913011120089806
8,2012-02-17 07:08:15,1329442695.0,dfs,222.48,29.58,-32.833787465940055,1361.23,-12.297532375491263,-20.53625509044879
9,2007-10-25 06:56:29,1193275589.0,dfs,0.983,18.39,-58.2425068119891,1514.4,-2.428967205721269,-55.81353960626783
10,2009-01-15 19:39:30,1232028570.0,dfs,0.309,7.99,-81.85740236148955,843.74,-45.63881193222086,-36.21859042926869
11,2005-03-27 06:31:15,1111885275.0,dfs,0.0,17.1,-61.171662125340596,1171.42,-24.526770182333603,-36.644891943006996
12,2009-02-21 06:13:25,1235177005.0,dfs,0.0,5.74,-86.96639418710262,788.42,-49.20301526963469,-37.76337891746793
13,2012-02-13 01:32:02,1329076922.0,dfs,222.48,28.18,-36.01271571298819,1351.77,-12.907029186263768,-23.10568652672442
14,2011-05-19 01:21:00,1305748260.0,dfs,277.08,25.33,-42.484105358764765,1343.6,-13.433412795567296,-29.05069256319747
15,2005-01-22 21:17:09,1106408829.0,dfs,0.108,15.9,-63.89645776566758,1184.63,-23.675665227755932,-40.22079253791165
16,2011-08-14 16:25:04,1313319304.0,dfs,239.77,23.33,-47.025431425976386,1172.64,-24.448166999548988,-22.577264426427398
17,2012-02-03 03:48:15,1328221095.0,dfs,222.48,27.75,-36.98910081743869,1344.9,-13.349655305714828,-23.639445511723864
18,2012-02-01 09:42:38,1328069558.0,dfs,222.48,27.18,-38.283378746594,1324.09,-14.690419431737647,-23.59295931485636
19,2012-02-26 11:45:56,1330236956.0,dfs,222.48,30.19,-31.448683015440505,1363.46,-12.153856065975123,-19.29482694946538
20,2012-02-06 16:16:09,1328525169.0,dfs,222.48,28.27,-35.80835603996367,1344.33,-13.386379743573224,-22.421976296390447
21,2011-10-08 05:32:10,1318032130.0,dfs,222.56,23.41,-46.84377838328792,1144.03,-26.291476064686552,-20.552302318601367
22,2012-03-04 13:38:54,1330848534.0,dfs,222.48,30.53,-30.676657584014528,1374.09,-11.468977514335418,-19.20768006967911
23,2011-04-29 01:57:48,1304022468.0,dfs,277.08,24.67,-43.98274296094459,1363.61,-12.144191740222924,-31.83855122072167
24,2012-01-24 22:16:47,1327423607.0,dfs,222.48,27.83,-36.80744777475023,1314.65,-15.298627665743176,-21.508820109007054
25,2012-02-11 00:32:10,1328900530.0,dfs,222.48,28.18,-36.01271571298819,1349.96,-13.023645383673724,-22.989070329314465
26,2012-02-04 11:55:01,1328336701.0,dfs,222.48,28.22,-35.92188919164396,1324.09,-14.690419431737647,-21.231469759906318
27,2006-08-22 22:37:55,1156266475.0,pets,222.48,11.7,0.0,1298.82,0.0,0.0
28,2011-05-15 06:32:39,1305421359.0,pets,222.48,12.75,8.974358974358982,1348.65,3.836559338476475,5.137799635882507
29,2006-08-23 10:26:17,1156308977.0,pets,222.48,11.7,0.0,1292.99,-0.4488689733758279,0.4488689733758279
30,2011-08-08 17:42:54,1312805574.0,pets,222.48,10.0,-14.529914529914526,1119.46,-13.809457815555652,-0.7204567143588747
31,2007-05-17 06:48:50,1179364730.0,pets,222.48,12.64,8.034188034188047,1512.75,16.471104541044955,-8.436916506856909
32,2005-08-31 02:54:33,1125437073.0,pets,0.0,10.45,-10.683760683760685,1220.33,-6.0431776535624655,-4.640583030198219
33,2004-09-20 17:36:31,1095681991.0,pets,0.003,5.0,-57.26495726495726,1122.2,-13.598497097365293,-43.666460167591964
34,2007-06-05 01:35:45,1180987545.0,pets,0.003,12.93,10.512820512820516,1530.95,17.872376464791127,-7.359555951970611
35,2005-04-05 07:57:10,1112668030.0,pets,0.0,7.379,-36.93162393162393,1181.39,-9.04128362667651,-27.890340304947422
36,2006-09-05 02:57:24,1157405244.0,pets,0.0,12.42,6.1538461538461595,1313.25,1.111008453827325,5.0428377000188345
37,2007-04-13 11:16:21,1176443181.0,pets,0.0,11.85,1.282051282051285,1452.85,11.859226066737499,-10.577174784686214
38,2007-05-28 00:30:05,1180292405.0,pets,0.0,12.86,9.914529914529917,1515.73,16.70054357031768,-6.786013655787764
39,2005-02-27 08:23:35,1109472815.0,pets,0.0,8.11,-30.683760683760685,1200.2,-7.593045995595994,-23.09071468816469
40,2006-06-29 16:36:05,1151579165.0,pets,0.0,11.4,-2.564102564102555,1272.87,-1.997967385780943,-0.566135178321612
41,2005-04-01 17:07:45,1112355465.0,pets,0.0,7.36,-37.09401709401709,1172.92,-9.693414021958382,-27.400603072058708
42,2006-09-06 15:58:08,1157538488.0,pets,0.0,9.92,-15.21367521367521,1300.26,0.11086986649420665,-15.324545080169417
43,2008-01-22 22:39:40,1201021780.0,pets,0.0,13.3,13.675213675213687,1310.5,0.8992778060085358,12.775935869205151
44,2005-05-27 13:14:24,1117179864.0,pets,0.0,7.04,-39.82905982905983,1198.78,-7.702376002833339,-32.12668382622649
45,2005-01-26 02:35:10,1106687110.0,flws,0.046,7.28,0.0,1174.07,0.0,0.0
46,2008-01-18 12:36:43,1200640003.0,flws,0.585,6.76,-7.1428571428571495,1325.19,12.871464222746527,-20.014321365603678
47,2007-03-14 16:23:22,1173869602.0,flws,0.439,7.27,-0.13736263736264664,1387.17,18.150536169052966,-18.287898806415612
48,2009-08-19 23:55:24,1250706324.0,flws,0.439,3.0,-58.791208791208796,996.46,-15.127718108801,-43.6634906824078
49,2012-10-20 15:20:52,1350726652.0,flws,18.09,3.52,-51.64835164835166,1460.91,24.431251969644073,-76.07960361799573
50,2004-11-01 16:50:29,1099308029.0,flws,0.046,8.0,9.890109890109887,1130.51,-3.710170603115653,13.60028049322554
51,2009-02-07 19:07:49,1234013869.0,flws,0.537,2.53,-65.24725274725274,832.23,-29.1158108119618,-36.131441935290944
52,2006-10-28 22:32:29,1162054949.0,flws,0.458,5.51,-24.313186813186817,1382.22,17.728925873244364,-42.04211268643118
53,2003-10-26 19:14:46,1067175886.0,flws,0.088,9.57,31.456043956043956,1033.77,-11.94988373776691,43.40592769381087
54,2013-04-25 05:44:22,1366848862.0,flws,12.77,5.53,-24.038461538461537,1585.16,35.01409626342553,-59.05255780188706
55,2004-12-10 14:26:34,1102668994.0,ko,0.436,40.81,0.0,1188.0,0.0,0.0
56,2006-04-22 16:09:26,1145702366.0,ko,0.436,41.85,2.5483950012251877,1309.93,10.26346801346802,-7.715073012242831
57,2006-04-27 02:31:05,1146085265.0,ko,0.436,41.72,2.229845626072033,1309.72,10.24579124579125,-8.015945619719217
58,2011-09-03 07:59:12,1315016952.0,ko,74.06,69.74,70.88948787061993,1218.89,2.6001683501683583,68.28931952045157
59,2006-11-28 02:01:10,1164659470.0,ko,0.241,46.55,14.065180102915939,1386.72,16.72727272727273,-2.6620926243567915
60,2012-11-12 04:05:28,1352673328.0,ko,97.47,36.29,-11.075716736094101,1380.03,16.16414141414141,-27.239858150235513
61,2008-01-23 16:10:45,1201084845.0,ko,0.49,57.13,39.99019848076452,1338.6,12.67676767676767,27.31343080399685
62,2008-12-18 00:14:13,1229539453.0,ko,0.485,45.48,11.443273707424636,885.28,-25.48148148148148,36.92475518890612
63,2011-09-26 00:34:09,1316977449.0,ko,74.06,67.42,65.20460671404066,1162.95,-2.108585858585855,67.31319257262652
64,2006-11-15 13:03:27,1163576007.0,ko,0.241,46.55,14.065180102915939,1396.57,17.5563973063973,-3.491217203481362
65,2011-11-15 03:32:15,1321308135.0,ko,87.13,67.79,66.11124724332272,1257.81,5.876262626262622,60.2349846170601
66,2007-10-22 09:44:16,1193026456.0,ko,0.49,58.76,43.98431756922322,1506.33,26.79545454545454,17.188863023768683
67,2005-05-11 16:14:25,1115808265.0,ko,0.424,43.9,7.571673609409449,1171.11,-1.4217171717171802,8.993390781126628
68,2013-04-25 02:28:42,1366837122.0,ko,106.76,42.15,3.283508943886293,1585.16,33.430976430976436,-30.147467487090143
69,2004-08-10 22:47:49,1092158269.0,ko,0.437,43.46,6.49350649350649,1079.04,-9.171717171717175,15.665223665223664
70,2008-10-28 10:35:34,1225170334.0,ko,0.485,41.01,0.49007596177406454,940.51,-20.83249158249158,21.322567544265645
71,2006-02-12 16:09:51,1139740791.0,ko,0.485,41.16,0.8576329331046172,1263.78,6.378787878787877,-5.52115494568326
72,2013-02-06 05:53:59,1360110239.0,ko,97.47,38.14,-6.542514089683905,1512.12,27.282828282828277,-33.82534237251218
73,2012-03-16 01:41:55,1331842315.0,ko,89.5,70.33,72.33521195785345,1404.17,18.19612794612795,54.139084011725494
74,2012-05-18 11:21:11,1337320271.0,ko,93.68,75.12,84.07253124234256,1295.22,9.025252525252528,75.04727871709004
75,2011-10-22 02:57:18,1319232438.0,ko,74.06,68.19,67.09139916687084,1209.88,1.841750841750851,65.24964832511999
76,2006-11-10 22:27:20,1163177840.0,ko,0.241,46.47,13.869149718206314,1380.9,16.237373737373744,-2.36822401916743
77,2006-09-06 14:52:16,1157534536.0,ko,0.288,44.76,9.67900024503797,1300.26,9.44949494949495,0.2295052955430208
78,2006-11-02 16:50:20,1162466420.0,ko,0.241,46.68,14.383729478069093,1367.34,15.095959595959588,-0.7122301178904955
79,2003-12-15 20:34:03,1071500643.0,ko,0.41,49.71,21.808380298946332,1068.04,-10.0976430976431,31.906023396589433
80,2006-06-17 13:57:08,1150532828.0,ko,0.345,43.21,5.880911541288896,1230.04,3.5387205387205354,2.3421910025683603
81,2004-12-10 11:57:30,1102660050.0,ko,0.436,40.81,0.0,1188.0,0.0,0.0
82,2012-03-13 10:16:20,1331613980.0,ko,89.5,70.15,71.89414359225681,1395.95,17.504208754208758,54.38993483804805
83,2011-11-06 11:28:02,1320559082.0,ko,87.13,67.78,66.086743445234,1261.15,6.1574074074074145,59.929336037826594
84,2006-12-02 19:22:26,1165067546.0,ko,0.241,46.57,14.114187699093353,1399.48,17.801346801346803,-3.6871591022534496
85,2012-07-13 10:02:58,1342153978.0,aig,74.18,30.47,0.0,1356.78,0.0,0.0
86,2012-11-12 11:30:45,1352700045.0,aig,71.9,32.17,5.579258286839524,1380.03,1.7136160615575113,3.865642225282013
87,2008-05-23 12:57:40,1211527660.0,aig,2.282,37.81,24.089268132589446,1375.93,1.4114300033903868,22.67783812919906
88,2008-01-23 16:02:26,1201084346.0,aig,1.918,52.07,70.88939940925502,1338.6,-1.3399372042630393,72.22933661351806
89,2011-09-02 15:22:28,1314957148.0,aig,85.55,24.08,-20.97144732523794,1173.97,-13.473812998422732,-7.4976343268152075
90,2008-12-19 05:47:27,1229645847.0,aig,3.273,1.67,-94.51919921234,887.88,-34.55976650599213,-59.95943270634787
91,2012-01-02 19:39:36,1325513376.0,aig,81.27,23.2,-23.859533967837216,1257.6,-7.3099544509795304,-16.549579516857683
92,2013-01-30 10:56:28,1359523588.0,aig,71.9,37.82,24.12208729898261,1501.96,10.700334615781488,13.421752683201122
93,2006-06-17 17:06:59,1150544219.0,aig,1.384,59.87,96.48834919593043,1230.04,-9.341234393195656,105.82958358912609
94,2007-01-23 22:00:19,1169569819.0,aig,1.384,69.8,129.07778142435183,1427.99,5.248455902946685,123.82932552140514
95,2005-04-28 12:07:20,1114670240.0,aig,1.162,51.85,70.16737774860519,1143.22,-15.740208434676214,85.90758618328141
96,2006-01-07 18:38:22,1136639302.0,aig,1.294,70.11,130.0951755825402,1273.46,-6.141010333289106,136.2361859158293
97,2007-03-15 06:01:57,1173918717.0,aig,1.687,67.0,119.88841483426323,1392.28,2.6164890402275978,117.27192579403564
98,2011-04-29 00:43:45,1304018025.0,aig,95.52,31.8,4.364949130292096,1363.61,0.5033977505564592,3.861551379735637
99,2007-05-04 05:36:10,1178237170.0,aig,1.687,70.65,131.8674105677716,1505.62,10.97009095063311,120.89731961713849
100,2012-07-01 20:48:59,1341155939.0,aig,74.18,32.09,5.31670495569414,1329.04,-2.044546647208833,7.361251602902973
101,2010-01-05 22:17:53,1262710073.0,aig,74.18,29.33,-3.741384968821794,1136.52,-16.234024676071286,12.492639707249491
102,2004-02-15 09:40:39,1076818239.0,aig,1.15,74.72,145.22481128979325,1152.11,-15.084980615869933,160.3097919056632
103,2013-04-22 02:32:25,1366578145.0,aig,48.99,38.88,27.600918936659024,1562.5,15.162369728327366,12.438549208331658
104,2008-12-17 11:42:57,1229494377.0,aig,3.273,1.8,-94.09255004922875,904.42,-33.34070372499595,-60.7518463242328
105,2012-03-10 07:53:56,1331346236.0,aig,66.35,28.25,-7.285854939284539,1352.63,-0.3058712539984274,-6.979983685286111
106,2004-08-18 11:50:54,1092810054.0,aig,1.173,68.32,124.22054479816211,1095.17,-19.281681628561735,143.50222642672384
107,2013-05-11 13:26:32,1368258992.0,aig,45.01,44.18,44.99507712504103,1632.69,20.3356476363154,24.65942948872563
108,2008-10-27 11:48:40,1225088320.0,aig,2.411,1.7,-94.42074171316048,848.92,-37.43127109774614,-56.98947061541434
109,2008-09-21 02:42:52,1221945172.0,aig,2.411,3.85,-87.36462093862815,1206.51,-11.07548755140848,-76.28913338721966
110,2007-06-05 04:27:22,1180997842.0,aig,1.614,72.55,138.10305218247456,1530.95,12.837011158772981,125.26604102370158
111,2011-11-04 17:31:20,1320408080.0,aig,76.86,23.75,-22.054479816212666,1253.23,-7.632040566635707,-14.422439249576959
112,2011-11-03 02:27:12,1320267432.0,aig,76.86,24.19,-20.610436494913024,1261.15,-7.048305546956756,-13.562130947956268
113,2005-01-18 04:07:03,1106001423.0,aig,1.162,66.14,117.06596652445029,1195.98,-11.851589793481622,128.9175563179319
114,2009-01-06 14:34:51,1231232691.0,aig,3.273,1.66,-94.55201837873318,934.7,-31.10894912955674,-63.44306924917644
115,2007-07-06 07:35:21,1183687521.0,aig,1.614,70.27,130.62028224483097,1530.44,12.799422161293657,117.82086008353731
116,2012-01-30 07:10:36,1327887636.0,bk,1.614,20.23,0.0,1313.01,0.0,0.0
117,2011-04-29 04:36:13,1304031973.0,bk,1.614,28.58,41.2753336628769,1363.61,3.853740641731587,37.42159302114531
118,2012-11-07 22:10:37,1352306437.0,bk,1.614,24.0,18.635689569945622,1394.53,6.208635120829238,12.427054449116383
119,2009-01-01 20:55:24,1230823524.0,bk,1.614,28.33,40.039545229856635,869.42,-33.78420575623948,73.82375098609612
120,2008-06-15 00:56:05,1213471565.0,bk,1.614,41.67,105.98121601581809,1339.87,2.045681297172139,103.93553471864595
121,2007-03-09 06:51:02,1173403262.0,bk,1.614,39.37,94.61196243203162,1402.84,6.841532052307288,87.77043037972433
122,2005-05-15 05:34:06,1116115446.0,bk,1.614,27.85,37.666831438457734,1159.36,-11.70211955735296,49.36895099581069
123,2011-11-04 13:43:28,1320394408.0,bk,1.614,21.33,5.437469105289164,1253.23,-4.55289754076511,9.990366646054273
124,2012-01-25 22:12:23,1327509743.0,bk,1.614,20.57,1.6806722689075622,1326.06,0.993899513331959,0.6867727555756031
125,2007-01-27 10:13:00,1169872980.0,bk,1.614,40.33,99.35739001482945,1440.13,9.681571351322543,89.6758186635069
126,2013-04-25 06:44:36,1366852476.0,bk,1.614,27.85,37.666831438457734,1585.16,20.72718410370066,16.939647334757073
127,2006-10-23 12:23:52,1161586432.0,bk,1.614,33.58,65.99110232328225,1377.02,4.875058072672713,61.116044250609534
128,2007-01-27 02:18:58,1169844538.0,bk,1.614,40.33,99.35739001482945,1440.13,9.681571351322543,89.6758186635069
129,2004-09-08 09:35:17,1094616317.0,bk,1.614,30.26,49.57983193277312,1116.27,-14.98389197340462,64.56372390617774
130,2010-11-22 08:29:03,1290394743.0,bk,1.614,27.76,37.221947602570445,1197.84,-8.771448808463003,45.993396411033444
131,2004-10-28 07:05:26,1098927326.0,bk,1.614,32.4,60.158180919426584,1127.44,-14.133174918698256,74.29135583812484
132,2011-08-17 07:53:13,1313547793.0,bk,1.614,20.81,2.8670291646070107,1193.89,-9.072284293341246,11.939313457948257
133,2012-03-05 23:27:32,1330970252.0,bk,1.614,22.16,9.54028670291646,1364.33,3.9085764769499045,5.631710225966555
134,2009-04-28 22:10:42,1240936842.0,amgn,1.614,50.44,0.0,855.16,0.0,0.0
135,2005-04-03 20:54:40,1112541880.0,amgn,0.259,57.35,13.699444885011902,1180.59,38.05486692548762,-24.355422040475723
136,2004-04-27 13:52:18,1083054138.0,amgn,0.159,59.62,18.199841395717684,1138.11,33.08737546190186,-14.887534066184173
137,2004-10-15 12:11:48,1097822508.0,amgn,0.159,54.0,7.057890563045207,1108.2,29.589784367837606,-22.531893804792396
138,2007-06-29 14:24:56,1183107296.0,amgn,0.371,55.773,10.572957969865197,1503.35,75.79751157678095,-65.22455360691575
139,2007-01-13 04:30:28,1168642828.0,amgn,0.508,73.27,45.261697065820776,1414.85,65.44857102764394,-20.18687396182316
140,2006-04-21 10:24:54,1145595294.0,amgn,0.508,68.51,35.824742268041255,1311.28,53.33738715562001,-17.51264488757875
141,2007-04-10 04:13:19,1176158599.0,amgn,0.475,57.19,13.38223632038065,1448.39,69.37064408999487,-55.98840776961422
142,2005-02-07 02:29:15,1107723555.0,amgn,0.259,62.75,24.40523394131642,1201.72,40.52574956733244,-16.12051562601602
143,2012-01-03 15:47:25,1325585845.0,amgn,60.57,64.66,28.191911181601903,1277.06,49.33579680995369,-21.14388562835179
144,2003-10-02 16:37:55,1065092875.0,amgn,0.163,65.88,30.610626486915145,1020.24,19.303989896627538,11.306636590287606
145,2013-02-06 15:47:07,1360145827.0,amgn,139.19,86.5,71.49088025376686,1512.12,76.82305065718695,-5.332170403420093
146,2008-12-02 19:44:38,1228227278.0,amgn,0.564,53.76,6.582077716098335,848.81,-0.742551101548251,7.324628817646587
147,2011-09-02 18:17:06,1314967626.0,amgn,54.38,54.69,8.425852498017447,1173.97,37.28074278497592,-28.854890286958472
148,2011-11-03 07:54:04,1320287044.0,amgn,60.57,54.8,8.643933386201427,1261.15,47.475326254735975,-38.83139286853455
149,2013-04-25 00:13:31,1366829011.0,amgn,139.19,104.93,108.02934179222841,1585.16,85.36414238271203,22.665199409516376
150,2005-03-25 04:19:49,1111704589.0,amgn,0.259,58.98,16.9310071371927,1171.71,37.01646475513355,-20.085457617940847
151,2012-06-10 01:02:37,1339270357.0,amgn,113.43,68.87,36.538461538461554,1314.99,53.771224098414336,-17.232762559952782
152,2007-05-27 15:33:54,1180260234.0,amgn,0.371,54.55,8.148295003965107,1507.51,76.28397025118106,-68.13567524721596
153,2007-04-27 09:07:53,1177645073.0,amgn,0.475,62.551,24.010705789056313,1494.07,74.7123345338884,-50.70162874483208
154,2007-02-20 01:06:31,1171913791.0,amgn,0.475,66.73,32.295796986518646,1459.68,70.69086486739326,-38.39506788087461
155,2008-01-23 20:49:44,1201101584.0,amgn,0.669,45.32,-10.150674068199837,1338.6,56.53211094999766,-66.68278501819749
156,2004-06-20 03:00:06,1087680606.0,amgn,0.158,53.48,6.026962727993655,1132.05,32.37873614294401,-26.35177341495035
157,2008-01-03 05:51:44,1199319704.0,amgn,0.669,46.6,-7.6130055511498735,1447.16,69.22681135693907,-76.83981690808893
158,2008-12-20 23:25:31,1229795731.0,amgn,0.564,57.83,14.651070578905632,904.42,5.7603255531128665,8.890745025792764
159,2013-05-21 08:37:22,1369105642.0,amgn,122.58,102.18,102.57731958762888,1669.16,95.18686561579122,7.390453971837658
160,2011-02-24 00:01:25,1298485885.0,csc,38.96,47.35,0.0,1306.1,0.0,0.0
161,2011-05-01 14:10:15,1304239215.0,csc,38.96,50.98,7.666314677930297,1360.48,4.163540310849101,3.5027743670811953
162,2012-01-02 04:34:27,1325459067.0,csc,68.94,23.7,-49.94720168954594,1257.6,-3.7133450731184445,-46.233856616427495
163,2006-10-23 12:53:43,1161588223.0,csc,0.234,51.22,8.173178458289328,1377.02,5.429905826506399,2.7432726317829292
164,2012-06-20 20:35:42,1340204742.0,csc,96.68,24.71,-47.81414994720169,1355.69,3.796799632493695,-51.61094957969539
165,2013-04-12 01:21:43,1365709903.0,csc,79.26,48.51,2.4498416050686305,1588.85,21.64841895720083,-19.198577352132197
166,2006-08-12 10:14:37,1155357877.0,csc,0.234,47.16,-0.4012671594509078,1265.95,-3.074037210014537,2.672770050563629
167,2006-08-20 22:01:03,1156091463.0,csc,0.234,47.07,-0.5913410770855356,1297.48,-0.6599800934078471,0.06863901632231151
168,2007-01-11 19:32:27,1168524147.0,csc,0.352,51.61,8.996832101372751,1423.82,9.013092412525843,-0.016260311153091678
169,2013-04-23 06:44:52,1366679692.0,csc,79.26,44.31,-6.4202745512143595,1578.78,20.877421330679127,-27.297695881893485
170,2006-08-12 13:27:51,1155369471.0,csc,0.234,47.16,-0.4012671594509078,1265.95,-3.074037210014537,2.672770050563629
171,2011-07-05 11:31:08,1309845668.0,csc,34.11,38.36,-18.986272439281944,1337.88,2.4331980705918537,-21.419470509873797
172,2005-03-19 03:16:36,1111182396.0,csc,0.384,44.96,-5.0475184794086605,1188.07,-9.03682719546742,3.98930871605876
173,2005-08-29 20:42:59,1125328379.0,csc,0.221,44.26,-6.5258711721225,1212.28,-7.183217211545818,0.6573460394233184
174,2009-01-06 18:19:17,1231246157.0,csc,0.657,39.31,-16.97993664202745,934.7,-28.43580124033381,11.45586459830636
175,2013-05-25 08:18:14,1369450094.0,csc,86.46,43.26,-8.637803590285117,1655.35,26.73991271724983,-35.377716307534946
176,2005-01-09 06:06:27,1105230987.0,csc,0.41,54.02,14.08658922914467,1187.89,-9.050608682336714,23.137197911481383
177,2005-03-02 22:21:01,1109782261.0,csc,0.384,46.08,-2.682154171066532,1210.08,-7.351657606615112,4.66950343554858
178,2005-05-27 14:14:17,1117183457.0,csc,0.384,46.93,-0.8870116156283034,1198.78,-8.216828726743737,7.3298171111154335
179,2005-04-04 17:25:18,1112615718.0,csc,0.384,45.46,-3.9915522703273503,1176.12,-9.951764795957432,5.960212525630082
180,2011-11-02 15:44:34,1320228874.0,csc,36.65,30.64,-35.29039070749736,1237.9,-5.2216522471479845,-30.068738460349373
181,2007-04-29 08:01:44,1177813904.0,adbe,36.65,42.89,0.0,1494.25,0.0,0.0
182,2008-12-05 00:15:55,1228416355.0,adbe,0.08,20.44,-52.343203543949635,876.07,-41.37058725112933,-10.972616292820305
183,2006-11-28 09:44:25,1164687265.0,adbe,0.08,40.22,-6.225227325716954,1386.72,-7.196252300485191,0.9710249747682367
184,2007-05-30 21:47:54,1180541874.0,adbe,0.08,43.22,0.7694101189088326,1530.23,2.407896938263344,-1.6384868193545112
185,2011-09-25 13:42:54,1316938374.0,adbe,28.17,24.88,-41.99114012590348,1129.56,-24.406223858122807,-17.58491626778067
186,2004-11-12 17:19:37,1100260177.0,adbe,0.0,58.1,35.46281184425274,1184.17,-20.751547599129992,56.21435944338273
187,2005-04-05 04:12:22,1112654542.0,adbe,0.0,66.58,55.23432035439496,1181.39,-20.9375941107579,76.17191446515287
188,2008-12-20 21:49:14,1229789954.0,adbe,0.079,22.13,-48.40289111681045,904.42,-39.47331437175841,-8.929576745052039
189,2007-05-31 04:45:00,1180566900.0,adbe,0.079,43.22,0.7694101189088326,1530.62,2.4339969884557395,-1.6645868695469068
190,2007-03-15 06:30:18,1173920418.0,adbe,0.079,39.3,-8.3702494754022,1392.28,-6.8241592772293815,-1.546090198172819
191,2011-08-05 04:11:46,1312497706.0,adbe,28.17,26.15,-39.03007694101189,1199.38,-19.733645641626225,-19.296431299385667
192,2007-05-01 10:38:04,1177996084.0,adbe,28.17,41.56,-3.100955933784095,1486.3,-0.5320394846913198,-2.568916449092775
193,2007-06-30 20:56:00,1183217160.0,adbe,28.17,40.15,-6.388435532758223,1506.34,0.8091015559645252,-7.197537088722748
194,2006-02-21 13:18:21,1140508101.0,adbe,28.17,37.8,-11.867568197715093,1283.03,-14.135519491383638,2.2679512936685455
195,2005-02-07 16:20:07,1107773407.0,adbe,0.0,63.67,48.449522033107954,1201.72,-19.57704534047181,68.02656737357977
196,2007-01-27 16:50:33,1169896833.0,adbe,0.0,39.26,-8.463511307997209,1440.13,-3.6218838882382394,-4.84162741975897
197,2012-07-02 04:31:22,1341183682.0,adbe,24.76,32.37,-24.527861972487766,1365.51,-8.615693491718254,-15.912168480769513
198,2007-10-18 06:04:41,1192667681.0,adbe,24.76,45.97,7.181161109815804,1540.08,3.0670905136355984,4.1140705961802055
199,2004-01-25 05:32:05,1074988925.0,adbe,0.0,38.04,-11.307997202145026,1143.94,-23.44386816128492,12.135870959139895
200,2012-03-24 12:13:07,1332571387.0,adbe,25.26,33.81,-21.170435999067376,1402.89,-6.114104065584735,-15.05633193348264
201,2006-06-23 19:31:40,1151071300.0,adbe,25.26,30.5,-28.887852646304502,1244.5,-16.71407060398193,-12.173782042322571
202,2011-04-24 04:02:44,1303597964.0,adbe,28.03,33.48,-21.939846117976227,1337.38,-10.498243265852427,-11.4416028521238
203,2007-04-30 09:07:29,1177904249.0,adbe,28.03,42.89,0.0,1482.37,-0.7950476827840126,0.7950476827840126
204,2007-03-28 17:43:54,1175084034.0,adbe,28.03,42.14,-1.7486593611564467,1417.23,-5.1544252969717235,3.4057659358152765
205,2008-12-17 11:42:55,1229494375.0,adbe,0.08,22.32,-47.95989741198415,904.42,-39.47331437175841,-8.486583040225739
206,2011-10-18 13:47:26,1318925846.0,adbe,27.25,26.24,-38.82023781767312,1225.38,-17.993642295465946,-20.82659552220717
207,2008-12-04 14:30:57,1228381257.0,adbe,0.08,22.54,-47.44695733271159,845.22,-43.43516814455412,-4.011789188157472
208,2005-08-31 10:51:30,1125465690.0,adbe,0.0,27.12,-36.76847750058288,1220.33,-18.331604483854782,-18.4368730167281
209,2008-01-23 23:45:57,1201112157.0,adbe,0.0,34.33,-19.95803217533225,1338.6,-10.416596954994152,-9.541435220338098
210,2006-04-07 10:36:37,1144386397.0,adbe,0.0,36.1,-15.831196083003029,1295.5,-13.300987117282917,-2.530208965720112
211,2004-08-21 23:10:00,1093110000.0,adbe,0.0,46.09,7.460946607600846,1095.17,-26.707712899447877,34.16865950704872
212,2007-03-09 02:36:54,1173388014.0,adbe,0.0,39.08,-8.883189554674754,1402.84,-6.1174502258658245,-2.7657393288089294
213,2008-12-26 18:54:05,1230297845.0,jnpr,0.0,16.83,0.0,872.8,0.0,0.0
214,2009-10-17 09:40:14,1255752614.0,jnpr,0.0,26.5,57.45692216280454,1092.02,25.116865261228234,32.340056901576304
215,2012-03-22 19:45:50,1332425750.0,jnpr,14.09,20.99,24.717765894236486,1392.78,59.57607699358387,-34.85831109934738
216,2007-04-01 22:58:37,1175448517.0,jnpr,0.065,19.68,16.934046345811062,1422.53,62.98464711274061,-46.05060076692955
217,2005-04-04 09:41:26,1112587886.0,jnpr,0.067,21.53,27.926322043969122,1176.12,34.752520623281384,-6.826198579312262
218,2007-10-29 10:06:36,1193632596.0,jnpr,0.077,33.95,101.72311348781942,1540.98,76.55591200733274,25.167201480486682
219,2013-03-14 20:46:38,1363274198.0,jnpr,14.28,20.51,21.865715983363064,1563.23,79.10517873510543,-57.239462751742366
220,2008-12-03 23:35:40,1228327540.0,jnpr,14.28,16.67,-0.9506833036244599,870.74,-0.23602199816681319,-0.7146613054576467
221,2013-04-23 07:52:30,1366683750.0,jnpr,14.28,17.12,1.7231134878193863,1578.78,80.88680109990834,-79.16368761208895
222,2009-04-19 22:48:56,1240161536.0,jnpr,14.28,18.49,9.863339275103982,865.3,-0.8593033913840513,10.722642666488033
223,2005-03-06 04:17:50,1110062870.0,jnpr,0.067,21.26,26.322043969102815,1210.47,38.68813015582036,-12.366086186717546
224,2008-01-20 09:40:44,1200802244.0,jnpr,0.077,26.5,57.45692216280454,1333.25,52.755499541704864,4.701422621099674
225,2006-02-19 10:32:57,1140325377.0,jnpr,0.077,17.97,6.773618538324425,1289.38,47.72914757103577,-40.95552903271134
226,2011-09-02 19:42:44,1314972764.0,jnpr,14.35,20.14,19.667260843731444,1173.97,34.50618698441797,-14.838926140686528
227,2012-11-07 17:26:33,1352289393.0,jnpr,14.11,17.68,5.050505050505059,1394.53,59.776581118240145,-54.726076067735086
228,2012-06-27 02:46:17,1340745377.0,jnpr,13.93,15.45,-8.199643493761135,1331.85,52.59509624197983,-60.79473973574097
229,2006-04-28 06:36:51,1146186411.0,jnpr,13.93,18.21,8.199643493761156,1310.61,50.1615490375802,-41.96190554381904
230,2012-09-09 13:12:20,1347176540.0,jnpr,13.86,18.71,11.170528817587657,1432.12,64.08340971585702,-52.91288089826936
231,2012-01-01 23:13:40,1325439820.0,jnpr,14.4,20.41,21.271538918597756,1263.02,44.70898258478461,-23.43744366618685
232,2007-02-10 04:22:38,1171061558.0,jnpr,0.058,19.21,14.141414141414158,1450.02,66.13428047662696,-51.992866335212796
233,2007-03-31 22:14:54,1175359494.0,jnpr,0.065,19.68,16.934046345811062,1417.23,62.37740604949589,-45.44335970368483
234,2005-01-28 04:26:25,1106866585.0,jnpr,0.067,25.0,48.54426619132503,1171.36,34.20714940421631,14.33711678710872
235,2007-01-13 16:32:27,1168686147.0,jnpr,0.058,20.58,22.281639928698755,1414.85,62.10472043996334,-39.82308051126458
236,2006-06-21 08:48:59,1150859939.0,jnpr,0.058,15.92,-5.407011289364221,1252.2,43.46929422548123,-48.87630551484545
237,2003-11-08 12:12:31,1068273751.0,jnpr,0.618,18.7,11.11111111111112,1051.81,20.50985334555454,-9.39874223444342
238,2004-04-13 11:28:09,1081835889.0,jnpr,0.357,27.55,63.695781342840185,1129.44,29.404216315307067,34.29156502753312
239,2007-04-07 19:09:24,1175953164.0,jnpr,0.065,20.57,22.22222222222224,1439.37,64.9140696608616,-42.69184743863936
240,2007-02-08 07:02:22,1170898342.0,jnpr,0.058,19.21,14.141414141414158,1448.31,65.9383593033914,-51.796945161977234
241,2003-12-15 02:56:38,1071437198.0,jnpr,0.618,17.5,3.9809863339275204,1068.04,22.369385884509626,-18.388399550582104
242,2013-05-10 17:01:24,1368185484.0,jnpr,14.16,17.32,2.9114676173499823,1633.7,87.17919340054998,-84.26772578319999
243,2008-10-28 03:02:40,1225143160.0,jnpr,14.16,16.82,-0.059417706476518194,940.51,7.7577910174152205,-7.8172087238917385
244,2008-01-31 15:35:03,1201773903.0,jnpr,0.075,26.54,57.694592988710646,1378.55,57.94569202566453,-0.2510990369538817
245,2011-11-02 09:27:19,1320206239.0,jnpr,14.4,23.28,38.32442067736188,1237.9,41.83088909257563,-3.506468415213753
246,2005-12-22 09:50:45,1135225245.0,jnpr,0.072,22.13,31.49138443256091,1268.12,45.29330889092575,-13.80192445836484
247,2011-12-29 08:21:19,1325127079.0,bhi,24.74,47.94,0.0,1263.02,0.0,0.0
248,2011-10-23 20:41:39,1319382699.0,bhi,23.75,54.49,13.662911973299968,1215.39,-3.771120013934845,17.434031987234814
249,2012-02-27 21:17:26,1330357646.0,bhi,25.49,50.57,5.486024196912814,1367.59,8.279362163702867,-2.7933379667900535
250,2013-04-22 02:10:40,1366576840.0,bhi,29.23,43.58,-9.094701710471421,1562.5,23.711421830216466,-32.806123540687885
251,2009-09-18 06:58:39,1253237319.0,bhi,29.23,40.78,-14.935335836462238,1068.3,-15.417016357619042,0.4816805211568038
252,2011-06-08 14:09:15,1307522355.0,bhi,25.91,73.07,52.41969128076762,1279.56,1.3095596269259366,51.110131653841684
253,2006-06-18 18:23:04,1150635184.0,bhi,0.219,79.94,66.75010429703796,1256.16,-0.5431426264033744,67.29324692344134
254,2008-02-12 02:46:07,1202764567.0,bhi,0.172,64.57,34.68919482686691,1348.86,6.796408607939694,27.892786218927217
255,2005-02-07 15:53:38,1107771818.0,bhi,0.306,43.85,-8.531497705465158,1201.72,-4.853446501243049,-3.6780512042221094
256,2004-01-26 00:07:48,1075055868.0,bhi,0.456,35.86,-25.19816437213183,1155.37,-8.523222118414601,-16.67494225371723
257,2009-09-19 11:08:47,1253338727.0,bhi,0.456,44.01,-8.197747183979976,1068.76,-15.380595715032225,7.182848531052249
258,2004-11-23 09:52:37,1101183757.0,bhi,0.306,43.66,-8.92782644972883,1176.94,-6.815410682332816,-2.1124157673960138
259,2011-08-08 06:06:06,1312763766.0,bhi,23.75,64.54,34.62661660408846,1119.46,-11.366407499485357,45.993024103573816
260,2013-02-03 03:21:02,1359841862.0,bhi,28.47,45.03,-6.070087609511883,1498.11,18.61332362116197,-24.683411230673855
261,2011-12-23 11:42:42,1324620762.0,bhi,24.74,49.83,3.942428035043806,1265.33,0.18289496603378771,3.7595330690100184
262,2005-04-19 11:07:00,1113889020.0,bhi,0.298,44.01,-8.197747183979976,1152.78,-8.728286171240361,0.5305389872603854
263,2006-10-23 12:26:59,1161586619.0,bhi,0.2,71.28,48.68585732165208,1377.02,9.025985336732594,39.659871984919484
264,2013-05-11 09:33:28,1368245008.0,bhi,29.23,46.84,-2.2945348352106683,1632.69,29.268736837104726,-31.563271672315395
265,2009-03-03 02:32:11,1236027731.0,bhi,29.23,26.8,-44.0967876512307,696.33,-44.86785640765783,0.7710687564271339
266,2012-05-01 19:35:49,1335881149.0,bhi,27.58,45.13,-5.861493533583636,1405.82,11.30623426390714,-17.167727797490777
267,2004-12-16 17:56:49,1103200009.0,bhi,0.306,43.04,-10.221109720483936,1203.21,-4.735475289385754,-5.485634431098182
268,2008-12-31 20:18:16,1230734896.0,bhi,0.24,32.36,-32.49895702962036,903.25,-28.484901268388462,-4.014055761231894
269,2004-08-16 22:53:31,1092677011.0,bhi,0.376,39.22,-18.189403420942842,1079.34,-14.542920935535466,-3.6464824854073754
270,2012-10-25 01:20:18,1351108218.0,bhi,30.14,42.71,-10.909470171047136,1412.97,11.872337730202217,-22.78180790124935
271,2008-04-20 11:40:09,1208671809.0,bhi,0.172,80.8,68.54401335002086,1365.56,8.11863628446105,60.425377065559815
272,2012-01-01 09:11:12,1325389272.0,bac,0.172,5.56,0.0,1263.02,0.0,0.0
273,2009-03-08 01:06:13,1236454573.0,bac,0.172,3.14,-43.5251798561151,682.55,-45.958892179062886,2.433712322947784
274,2011-11-01 17:56:55,1320150415.0,bac,0.172,6.51,17.0863309352518,1218.28,-3.542303368117687,20.628634303369488
275,2007-06-29 14:55:55,1183109155.0,bac,0.172,49.05,782.1942446043165,1503.35,19.028202245411784,763.1660423589047
276,2011-12-29 05:22:19,1325116339.0,bac,0.172,5.29,-4.856115107913662,1263.02,0.0,-4.856115107913662
277,2007-10-24 01:16:00,1193168760.0,bac,0.172,47.78,759.3525179856115,1515.88,20.020268879352674,739.3322491062588
278,2012-11-12 08:24:42,1352688882.0,bac,0.172,9.43,69.6043165467626,1380.03,9.264303019746322,60.34001352701628
279,2007-06-30 08:27:18,1183172238.0,bac,0.172,48.89,779.31654676259,1506.34,19.26493642222609,760.0516103403638
280,2008-07-06 18:18:40,1215348520.0,bac,0.172,22.4,302.8776978417267,1262.9,-0.009501037196551983,302.88719887892324
281,2008-12-17 07:48:50,1229480330.0,bac,0.172,15.1,171.58273381294964,904.42,-28.392266155722,199.97499996867165
282,2008-01-23 06:24:01,1201049641.0,bac,0.172,37.39,572.4820143884892,1338.6,5.984069927633761,566.4979444608555
283,2013-01-22 16:39:21,1358852961.0,bac,0.172,11.29,103.05755395683454,1492.56,18.173900650821047,84.88365330601349
284,2008-07-02 11:09:36,1214977176.0,bac,0.172,23.81,328.23741007194246,1261.52,-0.1187629649570078,328.35617303689946
285,2006-02-24 09:34:41,1140753881.0,bac,0.172,45.37,716.0071942446042,1289.43,2.0910199363430575,713.9161743082611
286,2007-05-02 06:40:41,1178068241.0,bac,0.172,50.93,816.0071942446043,1495.92,18.439929692324753,797.5672645522795
287,2008-07-16 23:12:13,1216230133.0,bac,0.172,22.67,307.73381294964037,1245.36,-1.398235974093845,309.1320489237342
288,2011-09-25 20:30:29,1316962829.0,bac,0.172,6.31,13.489208633093527,1129.56,-10.566736868774845,24.055945501868372
289,2008-07-08 00:38:23,1215457703.0,bac,0.172,21.53,287.2302158273382,1273.7,0.8455923104939006,286.38462351684433
290,2003-10-26 16:27:11,1067165831.0,bac,0.172,81.86,1372.3021582733813,1033.77,-18.15093981092936,1390.4530980843108
291,2008-06-08 04:32:50,1212879770.0,bac,0.172,30.5,448.5611510791368,1404.05,11.166093965257872,437.3950571138789
292,2012-08-31 00:07:24,1346351844.0,bac,0.172,7.91,42.266187050359726,1406.58,11.366407499485357,30.89977955087437
293,2008-10-28 01:00:24,1225135824.0,bac,0.172,20.53,269.2446043165468,940.51,-25.53482921885639,294.7794335354032
294,2005-02-07 03:05:20,1107725720.0,bac,0.172,46.89,743.3453237410072,1201.72,-4.853446501243049,748.1987702422502
295,2011-11-04 13:41:42,1320394302.0,bac,0.172,6.91,24.280575539568357,1253.23,-0.7751262846194015,25.055701824187757
296,2004-10-14 00:15:51,1097693151.0,bac,0.172,45.01,709.5323741007194,1103.29,-12.646672261721905,722.1790463624413
297,2012-07-14 03:36:27,1342217187.0,bac,0.172,7.82,40.6474820143885,1341.45,6.209719561052086,34.43776245333642
298,2004-09-19 22:39:26,1095613766.0,bac,0.172,44.66,703.2374100719423,1123.5,-11.046539247201151,714.2839493191435
299,2009-02-03 17:07:42,1233661062.0,bac,0.172,5.515,-0.8093525179856103,838.51,-33.61071083593292,32.80135831794731
300,2007-02-27 20:49:31,1172589571.0,bac,0.172,51.43,825.0,1399.04,10.769425662301467,814.2305743376985
301,2009-01-07 12:53:10,1231312990.0,bac,0.172,14.28,156.8345323741007,906.65,-28.215705214485915,185.0502375885866
302,2013-05-16 21:45:30,1368720930.0,bac,0.172,13.36,140.28776978417267,1650.47,30.67647384839512,109.61129593577755
303,2012-03-01 23:19:11,1330624151.0,bac,0.172,8.12,46.0431654676259,1374.09,8.794001678516567,37.24916378910933
304,2007-05-28 07:27:48,1180317468.0,bac,0.172,51.2,820.8633093525182,1515.73,20.008392582856967,800.8549167696613
305,2006-12-06 22:26:24,1165424184.0,bac,0.172,52.69,847.6618705035971,1412.9,11.866795458504228,835.7950750450929
306,2003-12-07 14:02:47,1070785967.0,bac,0.172,75.11,1250.8992805755395,1069.72,-15.304587417459736,1266.2038679929992
307,2011-10-08 14:13:32,1318063412.0,bac,0.172,5.9,6.115107913669079,1144.03,-9.421070133489573,15.536178047158653
308,2012-03-10 02:13:15,1331325795.0,bac,0.172,8.05,44.78417266187053,1352.63,7.094899526531656,37.68927313533887
309,2008-12-04 23:53:00,1228414980.0,bac,0.172,14.34,157.91366906474823,845.22,-33.07944450602524,190.99311357077346
310,2011-09-02 05:03:57,1314920037.0,bac,0.172,7.91,42.266187050359726,1173.97,-7.0505613529476925,49.316748403307415
311,2008-12-20 20:31:57,1229785317.0,bac,0.172,13.8,148.20143884892093,904.42,-28.392266155722,176.59370500464294
312,2006-06-17 20:09:11,1150555151.0,bac,0.172,47.42,752.8776978417267,1230.04,-2.611201722854746,755.4888995645814
313,2008-07-10 01:45:15,1215634515.0,bac,0.172,22.06,296.7625899280576,1253.39,-0.7624582350239808,297.5250481630816
314,2007-02-22 09:12:23,1172115743.0,bac,0.172,53.91,869.6043165467624,1456.38,15.309337936058029,854.2949786107044
315,2006-04-07 05:05:00,1144366500.0,bac,0.172,46.2,730.9352517985612,1295.5,2.5716140678690773,728.3636377306922
316,2012-07-01 05:19:14,1341100154.0,bac,0.172,8.18,47.122302158273385,1329.04,5.227153964307769,41.89514819396562
317,2012-05-01 11:56:52,1335853612.0,bac,0.172,8.11,45.86330935251798,1405.82,11.30623426390714,34.557075088610844
318,2005-03-21 06:30:30,1111366830.0,bac,0.172,44.94,708.273381294964,1183.78,-6.273851562128867,714.5472328570928
319,2005-04-25 00:28:41,1114369121.0,scg,1.403,38.05,0.0,1162.1,0.0,0.0
320,2005-03-08 16:42:20,1110280340.0,scg,1.403,38.22,0.4467805519053921,1219.43,4.933310386369517,-4.486529834464125
321,2005-01-21 20:19:58,1106318998.0,scg,1.418,38.55,1.3140604467805521,1167.87,0.4965149298683403,0.8175455169122119
322,2008-06-16 18:59:03,1213622943.0,scg,1.279,39.67,4.257555847569001,1360.14,17.04156268823683,-12.784006840667828
323,2010-09-08 05:06:24,1283902584.0,scg,141.2,40.5,6.438896189224712,1098.87,-5.441011961104898,11.87990815032961
324,2013-05-23 18:42:15,1369314735.0,scg,133.86,51.86,36.294349540078855,1650.51,42.02822476551072,-5.733875225431866
325,2006-02-12 16:15:43,1139741143.0,scg,133.86,40.25,5.781865965834436,1263.78,8.74967730832115,-2.967811342486714
326,2008-12-31 22:58:48,1230744528.0,scg,1.36,35.6,-6.438896189224693,903.25,-22.27433095258583,15.835434763361139
327,2004-12-01 00:26:59,1101841019.0,scg,1.418,38.32,0.7095926412615062,1191.37,2.5187161173737187,-1.8091234761122124
328,2005-05-28 03:37:05,1117231625.0,scg,1.481,41.8,9.855453350854141,1190.01,2.401686601841501,7.45376674901264
329,2003-11-15 11:30:03,1068876003.0,scg,1.444,34.0,-10.643889618922465,1058.53,-8.912313914465187,-1.7315757044572777
330,2005-04-04 23:29:17,1112637557.0,fcx,1.677,39.16,0.0,1176.12,0.0,0.0
331,2007-05-15 21:54:14,1179246254.0,fcx,0.738,71.97,83.78447395301329,1501.19,27.639186477570334,56.145287475442956
332,2008-10-27 10:05:36,1225082136.0,fcx,0.36,24.86,-36.51685393258426,848.92,-27.82029044655307,-8.696563486031192
333,2007-10-25 00:46:08,1193253368.0,fcx,0.564,111.84,185.59754851889687,1514.4,28.762371186613628,156.83517733228325
334,2011-11-03 05:07:08,1320277028.0,fcx,19.58,39.78,1.583248212461707,1261.15,7.2297044519266915,-5.646456239464984
335,2005-01-30 12:33:11,1107068591.0,fcx,1.677,35.96,-8.171603677221645,1174.55,-0.13348977995442102,-8.038113897267223
336,2007-04-06 06:39:57,1175821797.0,fcx,0.278,67.57,72.5485188968335,1437.77,22.2468795701119,50.3016393267216
337,2012-03-05 02:19:30,1330894170.0,fcx,19.06,42.03,7.328907048008183,1364.33,16.002618780396563,-8.67371173238838
338,2007-06-19 11:15:38,1182231938.0,fcx,0.738,83.52,113.27885597548519,1533.7,30.403360201340014,82.87549577414518
339,2004-01-31 05:58:18,1075508898.0,fcx,2.872,36.86,-5.873340143003058,1128.48,-4.0506070809101,-1.8227330620929578
340,2012-06-26 21:46:59,1340727419.0,fcx,18.24,31.61,-19.279877425944836,1319.99,12.232595313403404,-31.51247273934824
341,2008-12-18 07:52:44,1229566964.0,fcx,0.36,26.01,-33.58018386108273,885.28,-24.728769173213614,-8.851414687869116
342,2013-04-23 18:55:15,1366723515.0,fcx,46.19,28.42,-27.42594484167517,1578.78,34.236302418120616,-61.66224725979579
343,2005-03-01 04:06:30,1109630190.0,fcx,1.677,41.82,6.79264555669051,1210.41,2.9155188246097503,3.8771267320807596
344,2008-05-03 22:36:33,1209834393.0,fcx,0.392,110.23,181.4862104187947,1385.59,17.810257456722105,163.6759529620726
345,2006-04-26 23:41:51,1146075111.0,fcx,0.392,65.57,67.44126659856997,1305.41,10.992925891915808,56.44834070665416
346,2004-11-21 15:31:21,1101031281.0,fcx,1.943,39.12,-0.10214504596526852,1183.55,0.6317382580008898,-0.7338833039661583
347,2011-09-03 12:13:56,1315032236.0,fcx,20.71,44.94,14.759959141981618,1218.89,3.6365336870387557,11.123425454942861
348,2011-11-07 23:40:42,1320689442.0,fcx,19.58,41.26,5.362614913176715,1261.12,7.227153691800157,-1.8645387786234418
349,2003-10-09 05:21:37,1065657097.0,fcx,6.68,37.4,-4.494382022471905,1038.73,-11.68163112607556,7.187249103603655
350,2008-12-30 17:40:38,1230639038.0,fcx,0.36,23.35,-40.37282941777323,890.64,-24.27303336394245,-16.099796053830783
351,2007-02-23 12:15:36,1172213136.0,fcx,0.278,59.56,52.09397344228807,1451.19,23.38791960004083,28.706053842247236
352,2013-04-04 23:55:33,1365099933.0,fcx,16.55,31.7,-19.050051072522976,1559.98,32.63782607216952,-51.68787714469249
353,2007-05-16 21:21:03,1179330663.0,fcx,0.738,71.29,82.0480081716037,1514.14,28.74026459885048,53.30774357275322
354,2012-01-03 13:31:09,1325577669.0,fcx,19.58,36.79,-6.052093973442282,1277.06,8.582457572356567,-14.63455154579885
355,2006-06-27 22:16:23,1151426783.0,fcx,0.591,49.8,27.170582226762008,1239.2,5.363398292691236,21.80718393407077
356,2006-11-28 12:48:02,1164698282.0,fcx,0.324,61.45,56.92032686414711,1386.72,17.906336088154283,39.01399077599282
357,2013-04-25 01:58:55,1366835335.0,fcx,46.19,29.78,-23.953013278855966,1585.16,34.77876407169339,-58.73177735054935
358,2012-03-28 20:36:00,1332947160.0,fcx,19.06,37.36,-4.596527068437174,1405.54,19.506512940856382,-24.103040009293558
359,2013-05-16 08:21:38,1368672698.0,ca,23.67,27.41,0.0,1650.47,0.0,0.0
360,2005-02-20 04:11:50,1108852910.0,ca,0.66,26.77,-2.334914264866839,1200.75,-27.247996025374594,24.913081760507755
361,2007-04-04 17:15:37,1175687137.0,ca,0.746,26.0,-5.14410798978475,1439.37,-12.790296097475274,7.646188107690524
362,2009-11-11 09:39:13,1257912553.0,ca,0.746,22.0,-19.737322145202484,1098.51,-33.44259513956631,13.705272994363824
363,2004-06-27 11:52:59,1088317379.0,ca,0.487,26.73,-2.4808464064210134,1140.65,-30.889383024229456,28.408536617808444
364,2013-02-06 15:53:51,1360146231.0,ca,26.62,24.91,-9.120758847136083,1512.12,-8.382460753603526,-0.7382980935325563
365,2010-04-16 16:45:18,1271416518.0,ca,26.62,22.89,-16.490331995622036,1192.13,-27.770271498421657,11.279939502799621
366,2003-10-08 21:26:55,1065628615.0,ca,0.52,28.96,5.654870485224373,1033.78,-37.36450829157755,43.01937877680192
367,2012-01-29 16:31:44,1327834904.0,ca,24.95,25.42,-7.2601240423203155,1318.43,-20.11790580864844,12.857781766328126
368,2007-03-14 08:11:12,1173840072.0,ca,0.746,25.05,-8.60999635169646,1387.17,-15.953031560706949,7.343035209010489
369,2004-10-10 03:49:33,1097360373.0,ca,0.479,26.54,-3.17402407880336,1130.65,-31.49527104400564,28.32124696520228
370,2006-08-14 13:24:19,1155542059.0,ca,0.387,21.66,-20.977745348412988,1268.21,-23.160675443964447,2.182930095551459
371,2005-01-31 08:27:43,1107140263.0,ca,0.66,26.42,-3.6118205034658826,1181.27,-28.4282658878986,24.81644538443272
372,2006-05-28 00:35:16,1148756716.0,ca,0.371,22.16,-19.153593578985774,1272.88,-22.877725738728962,3.7241321597431885
373,2006-10-23 12:22:17,1161586337.0,ca,0.396,25.08,-8.500547245530834,1377.02,-16.56800790077978,8.067460655248945
374,2008-04-07 11:07:25,1207546645.0,ca,0.699,23.24,-15.213425757022991,1372.54,-16.839445733639515,1.626019976616524
375,2008-03-12 11:24:39,1205301279.0,hcp,1.83,29.65,0.0,1308.77,0.0,0.0
376,2012-07-27 18:21:42,1343393502.0,hcp,82.92,47.0,58.5160202360877,1385.97,5.898668215194423,52.61735202089328
377,2011-08-14 16:31:03,1313319663.0,hcp,81.38,33.16,11.838111298482287,1172.64,-10.401369224539062,22.23948052302135
378,2005-03-29 08:38:36,1112065716.0,hcp,1.047,23.7,-20.067453625632375,1165.36,-10.957616693536686,-9.10983693209569
379,2006-10-28 13:06:34,1162020994.0,hcp,1.578,31.49,6.205733558178752,1382.22,5.61213964256516,0.5935939156135914
380,2006-02-28 23:54:14,1141151054.0,hcp,1.578,27.47,-7.3524451939291735,1280.66,-2.1478181804289447,-5.204627013500229
381,2004-05-16 21:50:46,1084724446.0,hcp,0.842,22.0,-25.801011804384483,1096.44,-16.22362982036568,-9.577381984018803
382,2013-05-12 08:05:40,1368326140.0,hcp,79.37,51.96,75.24451939291738,1626.67,24.289982197024695,50.954537195892684
383,2011-12-30 08:30:41,1325214041.0,hcp,82.34,41.76,40.843170320404724,1257.6,-3.9097778830505034,44.752948203455226
384,2008-03-28 02:24:50,1206651290.0,hcp,1.83,34.05,14.839797639123098,1315.22,0.49282914492233515,14.346968494200762
385,2005-01-30 00:40:37,1107025837.0,hcp,0.978,25.52,-13.929173693086,1174.55,-10.255430671546568,-3.6737430215394316
386,2007-04-07 14:33:41,1175936621.0,hcp,1.883,36.25,22.25969645868466,1439.37,9.978835089435112,12.28086136924955
387,2008-12-11 14:15:33,1228985133.0,hcp,1.124,25.04,-15.548060708263067,873.59,-33.25106779648066,17.703007088217596
388,2013-04-22 02:50:12,1366579212.0,hcp,80.99,52.71,77.77403035413155,1562.5,19.386905262192748,58.387125091938806
389,2004-09-29 15:17:04,1096451224.0,hcp,0.898,25.84,-12.849915682967955,1114.8,-14.82078592877282,1.9708702458048641
390,2011-11-01 11:07:59,1320125879.0,mpc,36.47,35.9,0.0,1218.28,0.0,0.0
391,2012-07-27 04:31:55,1343343715.0,mpc,36.03,45.82,27.632311977715883,1385.97,13.764487638309753,13.86782433940613
392,2013-04-29 14:44:32,1367226872.0,mpc,27.77,82.12,128.74651810584962,1593.61,30.808188593755126,97.9383295120945
393,2013-04-22 01:36:59,1366574819.0,mpc,27.77,78.75,119.35933147632313,1562.5,28.2545884361559,91.10474304016724
394,2012-01-28 06:10:10,1327711210.0,mpc,32.83,37.53,4.540389972144855,1326.06,8.846898906655284,-4.306508934510429
395,2012-01-28 15:18:37,1327744117.0,mpc,32.83,37.53,4.540389972144855,1326.06,8.846898906655284,-4.306508934510429
396,2011-12-29 08:17:38,1325126858.0,mpc,32.83,33.14,-7.688022284122558,1263.02,3.6723905834455146,-11.360412867568073
397,2011-12-21 22:53:02,1324488182.0,mpc,32.83,32.67,-8.997214484679656,1243.72,2.0881899070821204,-11.085404391761777
398,2006-02-18 09:04:19,1140233659.0,chk,32.83,29.73,0.0,1280.0,0.0,0.0
399,2005-02-07 04:46:41,1107731801.0,chk,0.978,18.22,-38.71510258997646,1201.72,-6.115624999999998,-32.59947758997646
400,2004-06-22 18:46:03,1087910163.0,chk,0.864,14.36,-51.69862092162799,1134.41,-11.374218749999994,-40.324402171627995
401,2012-01-02 19:36:40,1325513200.0,chk,72.62,22.29,-25.02522704339052,1257.6,-1.750000000000007,-23.27522704339051
402,2006-10-23 12:44:04,1161587644.0,chk,0.704,30.6,2.9263370332997005,1377.02,7.579687499999999,-4.653350466700298
403,2011-09-03 08:40:17,1315019417.0,chk,65.25,32.11,8.005381769256639,1218.89,-4.774218749999992,12.77960051925663
404,2012-09-23 06:58:26,1348363706.0,chk,73.63,19.36,-34.88059199461823,1460.26,14.0828125,-48.96340449461823
405,2004-03-02 13:14:15,1078213455.0,chk,1.278,13.14,-55.80221997981837,1149.1,-10.226562500000007,-45.57565747981836
406,2006-04-21 11:12:39,1145598159.0,chk,1.278,32.81,10.359905819038016,1311.28,2.443749999999998,7.916155819038018
407,2005-03-26 18:12:38,1111840958.0,chk,0.972,21.06,-29.16246215943492,1172.53,-8.396093750000002,-20.766368409434918
408,2012-05-09 09:12:54,1336534974.0,chk,69.24,16.93,-43.05415405314497,1354.58,5.826562499999994,-48.880716553144964
409,2004-11-15 23:25:01,1100541301.0,chk,0.978,16.89,-43.18869828456105,1183.81,-7.514843750000004,-35.673854534561045
410,2008-11-04 00:31:41,1225738901.0,chk,1.334,20.63,-30.608812647157755,1005.75,-21.42578125,-9.183031397157755
411,2012-03-06 01:55:37,1330979137.0,chk,60.5,24.23,-18.499831819710728,1343.36,4.949999999999992,-23.44983181971072
412,2011-11-02 20:11:50,1320244910.0,chk,65.25,28.03,-5.718129835183314,1237.9,-3.289062499999993,-2.429067335183321
413,2008-12-18 00:12:57,1229539377.0,chk,0.874,16.09,-45.87958291288261,885.28,-30.837500000000002,-15.04208291288261
414,2008-12-26 00:00:35,1230229835.0,chk,0.874,15.18,-48.940464177598386,872.8,-31.812500000000004,-17.127964177598383
415,2011-11-16 00:01:03,1321381863.0,chk,72.62,25.47,-14.328960645812316,1236.91,-3.366406249999994,-10.962554395812322
416,2007-04-07 14:34:35,1175936675.0,chk,0.656,32.51,9.350824083417415,1439.37,12.450781249999991,-3.099957166582577
417,2012-07-18 04:41:37,1342566697.0,chk,70.54,19.24,-35.28422468886647,1372.78,7.248437499999998,-42.53266218886647
418,2010-01-05 17:28:55,1262692735.0,chk,70.54,28.8,-3.1281533804238135,1136.52,-11.209375000000001,8.081221619576187
419,2012-07-10 07:07:32,1341884252.0,chk,70.54,19.98,-32.79515640766902,1341.47,4.802343750000002,-37.59750015766902
420,2012-07-09 02:11:07,1341780067.0,chk,70.54,20.04,-32.593340060544904,1352.46,5.660937500000003,-38.25427756054491
421,2013-04-23 16:55:32,1366716332.0,chk,71.83,18.75,-36.93239152371342,1578.78,23.342187499999998,-60.274579023713414
422,2004-12-15 01:44:04,1103055244.0,chk,0.978,16.5,-44.500504540867816,1205.72,-5.803124999999998,-38.697379540867814
423,2013-05-11 12:17:42,1368254862.0,chk,74.66,20.15,-32.2233434241507,1632.69,27.553906250000004,-59.7772496741507
424,2007-10-16 05:54:58,1192494298.0,chk,0.81,37.79,27.11066263033972,1538.53,20.197656249999998,6.9130063803397235
425,2011-11-06 20:42:20,1320592340.0,mmm,35.37,79.3,0.0,1261.15,0.0,0.0
426,2008-10-28 17:16:35,1225194395.0,mmm,0.577,60.42,-23.808322824716264,940.51,-25.424414225112006,1.6160914003957423
427,2012-03-16 02:13:46,1331844226.0,mmm,33.07,90.0,13.493064312736447,1404.17,11.340443246243506,2.152621066492941
428,2006-06-16 17:32:12,1150459332.0,mmm,0.24,80.65,1.7023959646910576,1251.54,-0.7620029338302444,2.464398898521302
429,2013-02-06 07:45:45,1360116945.0,mmm,33.27,101.49,27.982345523329126,1512.12,19.900091186615374,8.082254336713753
430,2007-03-12 13:10:43,1173685243.0,mmm,0.356,74.73,-5.762925598991164,1406.6,11.533124529199524,-17.29605012819069
431,2011-12-26 06:27:06,1324861026.0,mmm,35.37,82.2,3.6569987389659593,1265.33,0.33144352376797653,3.3255552151979826
432,2006-12-31 20:04:33,1167575673.0,mmm,0.346,77.93,-1.7276166456494202,1424.73,12.970701344011411,-14.698317989660831
433,2005-02-07 03:06:21,1107725781.0,mmm,0.272,84.08,6.027742749054226,1201.72,-4.712365697974076,10.740108447028302
434,2011-09-27 04:31:08,1317078068.0,mmm,31.56,75.19,-5.182849936948298,1175.38,-6.800935653966615,1.6180857170183174
435,2012-10-06 09:41:21,1349496681.0,mmm,37.38,94.96,19.74779319041614,1450.99,15.052927883281125,4.694865307135014
436,2006-08-29 19:24:21,1156859661.0,mmm,0.235,71.63,-9.672131147540986,1304.28,3.419894540696973,-13.092025688237959
437,2007-05-29 12:14:41,1180421081.0,mmm,0.458,87.35,10.15132408575031,1518.11,20.375054513737446,-10.223730427987135
438,2007-01-11 23:29:49,1168538389.0,mmm,0.346,78.65,-0.8196721311475302,1423.82,12.898544978789186,-13.718217109936717
439,2006-12-13 05:29:35,1165967975.0,mmm,0.346,79.01,-0.3656998738965852,1413.21,12.057249335923556,-12.42294920982014
440,2013-04-23 09:32:34,1366689754.0,mmm,33.66,105.8,33.417402269861284,1578.78,25.185743170915426,8.231659098945858
441,2006-12-08 16:29:04,1165575544.0,mmm,0.346,78.22,-1.3619167717528353,1409.84,11.790032906474234,-13.15194967822707
442,2007-01-27 00:54:57,1169839497.0,mmm,0.346,78.69,-0.7692307692307686,1440.13,14.191809063156644,-14.961039832387412
443,2003-12-15 23:43:22,1071512002.0,mmm,0.399,82.0,3.404791929382097,1068.04,-15.312215041826912,18.71700697120901
444,2011-11-06 19:00:10,1320586210.0,mmm,35.37,79.3,0.0,1261.15,0.0,0.0
445,2004-09-19 22:39:39,1095613779.0,mmm,0.315,82.32,3.808322824716263,1123.5,-10.914641398723393,14.722964223439657
446,2012-07-21 21:26:31,1342886191.0,mmm,31.13,89.99,13.480453972257248,1372.78,8.85144510962216,4.629008862635088
447,2007-06-05 15:19:10,1181036950.0,mmm,0.458,88.19,11.210592686002522,1530.95,21.39317289775205,-10.182580211749526
448,2013-05-10 19:25:32,1368194132.0,mmm,32.04,110.24,39.01639344262295,1633.7,29.540498751139825,9.475894691483123
449,2006-12-06 03:06:51,1165354611.0,mmm,0.346,80.56,1.5889029003783168,1412.9,12.032668596122585,-10.443765695744268
450,2008-01-23 16:18:22,1201085302.0,mmm,0.477,73.81,-6.923076923076916,1338.6,6.14122031479204,-13.064297237868956
451,2004-12-04 14:49:12,1102151952.0,mmm,0.306,81.08,2.2446406052963446,1191.37,-5.53304523649052,7.777685841786864
452,2007-01-07 09:29:13,1168142353.0,mmm,0.346,77.42,-2.370744010088267,1418.34,12.46402093327517,-14.834764943363437
453,2004-12-10 14:23:38,1102668818.0,mmm,0.306,78.97,-0.4161412358133648,1188.0,-5.800261665939824,5.384120430126459
454,2006-12-18 15:58:47,1166437727.0,mmm,0.346,78.51,-0.9962168978562322,1422.48,12.792292748681753,-13.788509646537985
455,2007-05-05 07:31:13,1178330473.0,mmm,0.363,84.21,6.191677175283729,1495.92,18.61554930024184,-12.423872124958113
456,2007-12-20 16:37:21,1198148841.0,mmm,0.477,84.26,6.254728877679708,1460.12,15.776870316774355,-9.522141439094646
457,2009-02-16 19:11:38,1234791698.0,mmm,0.477,49.42,-37.679697351828494,826.84,-34.4376164611664,-3.242080890662095
458,2004-06-03 01:36:52,1086206812.0,mmm,0.349,85.61,7.957124842370747,1116.64,-11.458589382706258,19.415714225077004
459,2005-03-07 02:24:13,1110142453.0,mmm,0.272,86.46,9.029003783102139,1225.31,-2.8418506918288977,11.870854474931036
460,2007-01-27 03:41:13,1169849473.0,mmm,0.346,78.69,-0.7692307692307686,1440.13,14.191809063156644,-14.961039832387412
461,2007-01-21 16:11:44,1169376104.0,mmm,0.346,79.25,-0.06305170239596111,1426.37,13.100741386829466,-13.163793089225427
462,2006-07-18 01:42:46,1153167166.0,mmm,0.24,70.66,-10.8953341740227,1236.86,-1.9260199024699827,-8.969314271552717
463,2007-06-04 17:04:31,1180956871.0,mmm,0.458,88.11,11.109709962168981,1539.18,22.045751893113426,-10.936041930944445
464,2007-07-06 07:01:29,1183685489.0,mmm,0.458,87.76,10.668348045397236,1530.44,21.35273361614399,-10.684385570746754
465,2007-01-16 20:32:11,1168959731.0,mmm,0.346,79.24,-0.0756620428751605,1431.9,13.539230067795266,-13.614892110670427
466,2006-08-22 00:52:28,1156188148.0,mmm,0.235,71.12,-10.315258511979815,1298.82,2.9869563493636635,-13.30221486134348
467,2008-01-23 22:12:23,1201106543.0,aet,0.31,54.11,0.0,1338.6,0.0,0.0
468,2004-02-15 08:22:54,1076813574.0,aet,0.211,77.5,43.22676030308631,1152.11,-13.931719707156734,57.15848001024304
469,2007-04-06 18:34:03,1175864643.0,aet,0.272,45.0,-16.83607466272408,1437.77,7.4084864784102855,-24.244561141134366
470,2006-01-11 03:31:09,1136930469.0,aet,0.172,92.65,71.22528183330255,1294.18,-3.318392350216633,74.54367418351917
471,2004-08-03 20:44:23,1091546063.0,aet,0.193,86.6,60.044354093513206,1099.69,-17.847751382040926,77.89210547555413
472,2005-09-23 17:26:49,1127476609.0,aet,0.17,82.71,52.85529476991313,1215.29,-9.211863140594648,62.067157910507774
473,2005-04-08 02:12:37,1112906557.0,aet,0.177,76.32,41.046017372019946,1181.2,-11.758553712834296,52.804571084854246
474,2009-10-02 08:48:44,1254453524.0,aet,0.177,27.58,-49.02975420439845,1025.21,-23.411773494695943,-25.617980709702508
475,2008-11-01 10:58:06,1225517286.0,aet,0.389,24.87,-54.03807059693217,930.09,-30.517705064993265,-23.520365531938907
476,2005-02-04 06:20:07,1107478207.0,aet,0.178,130.85,141.8222140085012,1203.03,-10.127745405647689,151.94995941414888
477,2007-02-20 08:05:18,1171938918.0,aet,0.253,45.61,-15.708741452596565,1459.68,9.04527117884358,-24.754012631440144
478,2004-11-30 04:45:36,1101770136.0,aet,0.178,118.21,118.46239142487525,1173.82,-12.30987598984013,130.77226741471537
479,2006-05-07 11:34:24,1146981864.0,aet,0.178,37.99,-29.79116614304195,1312.25,-1.9684745256237794,-27.82269161741817
480,2012-12-19 21:05:07,1355931307.0,aet,43.0,46.0,-14.987987433006836,1435.81,7.262064843866729,-22.250052276873564
481,2008-02-22 22:13:00,1203698580.0,aet,0.31,50.13,-7.355387174274621,1353.11,1.083968325115792,-8.439355499390413
482,2013-06-05 05:12:09,1370389329.0,aet,63.37,59.36,9.702457956015524,1608.9,20.192738682205306,-10.490280726189782
483,2007-01-25 23:46:33,1169748993.0,aet,0.253,41.1,-24.043614858621325,1423.9,6.372329299267906,-30.415944157889232
484,2009-10-15 09:39:45,1255579785.0,aet,0.253,26.03,-51.89428941046017,1096.56,-18.08157776781712,-33.81271164264305
485,2013-04-22 01:02:22,1366572742.0,rsh,129.9,3.15,0.0,1562.5,0.0,0.0
486,2006-07-11 09:02:08,1152588728.0,rsh,1.073,17.51,455.87301587301596,1272.43,-18.564479999999996,474.43749587301596
487,2012-02-04 15:57:56,1328351276.0,rsh,83.35,7.39,134.6031746031746,1324.09,-15.258240000000006,149.8614146031746
488,2004-05-08 07:44:02,1083982442.0,rsh,0.785,29.81,846.3492063492064,1121.53,-28.22208,874.5712863492064
489,2011-08-17 19:29:17,1313589557.0,rsh,81.96,12.42,294.2857142857143,1193.89,-23.591039999999992,317.87675428571424
490,2006-07-05 21:03:12,1152113592.0,rsh,1.073,13.87,340.3174603174603,1270.91,-18.661759999999994,358.9792203174603
491,2004-07-04 07:54:44,1088907884.0,rsh,0.785,28.0,788.8888888888889,1128.94,-27.747839999999997,816.6367288888889
492,2012-07-24 00:16:31,1343069191.0,rsh,91.24,3.69,17.142857142857146,1338.31,-14.348160000000004,31.49101714285715
493,2005-02-27 08:07:30,1109471850.0,rsh,0.61,29.7,842.8571428571429,1200.2,-23.187199999999997,866.0443428571429
494,2012-04-27 20:57:19,1335540439.0,rsh,89.02,5.36,70.15873015873018,1403.36,-10.184960000000007,80.34369015873018
495,2013-05-22 23:12:01,1369244521.0,rsh,126.81,4.01,27.3015873015873,1655.35,5.942399999999994,21.359187301587305
496,2006-08-28 16:03:53,1156761233.0,rsh,0.97,17.69,461.5873015873016,1301.78,-16.686080000000004,478.2733815873016
497,2012-03-23 11:55:17,1332483917.0,rsh,89.02,6.46,105.07936507936509,1397.11,-10.584960000000006,115.6643250793651
498,2011-11-14 15:33:47,1321265027.0,rsh,83.35,13.14,317.14285714285717,1251.78,-19.88608,337.02893714285716
499,2012-10-13 22:46:13,1350148573.0,rsh,96.41,2.26,-28.25396825396826,1432.56,-8.316160000000004,-19.937808253968257
500,2007-02-19 00:14:59,1171824299.0,rsh,1.015,22.97,629.2063492063492,1455.54,-6.845440000000003,636.0517892063492
501,2006-06-29 17:36:46,1151582806.0,rsh,1.073,14.12,348.2539682539682,1272.87,-18.536320000000007,366.7902882539682
502,2004-10-15 17:00:20,1097839820.0,pcp,0.605,61.58,0.0,1108.2,0.0,0.0
503,2008-01-24 09:23:19,1201146799.0,pcp,0.27,107.71,74.91068528743098,1352.07,22.005955603681635,52.904729683749345
504,2013-05-12 11:17:24,1368337644.0,pcp,38.68,209.97,240.9710945112049,1626.67,46.784876376105395,194.18621813509952
505,2007-04-10 04:14:10,1176158650.0,pcp,0.314,106.29,72.6047417992855,1448.39,30.697527522107926,41.90721427717758
506,2012-11-03 14:42:21,1351933941.0,pcp,2.72,172.94,180.83793439428385,1412.16,27.428262046561997,153.40967234772185
507,2006-06-27 12:50:22,1151392822.0,pcp,0.316,56.48,-8.281909710945115,1239.2,11.820970943872947,-20.102880654818062
508,2008-11-03 17:36:30,1225713990.0,pcp,0.075,66.43,7.875933744722327,966.3,-12.80454791553872,20.680481660261048
509,2011-11-08 13:44:59,1320740099.0,pcp,3.06,167.96,172.7508931471257,1275.92,15.13445226493413,157.61644088219157
510,2005-11-15 04:25:18,1132008918.0,pcp,3.06,47.9,-22.215004871711592,1229.01,10.90146182999458,-33.11646670170617
511,2009-01-15 18:44:17,1232025257.0,pcp,0.068,52.59,-14.598895745371864,843.74,-23.863923479516338,9.265027734144473
512,2005-03-08 16:22:42,1110279162.0,pcp,0.614,78.17,26.94056511854499,1219.43,10.03699693196174,16.90356818658325
513,2011-09-03 09:32:45,1315022565.0,jpm,0.614,34.63,0.0,1218.89,0.0,0.0
514,2005-12-20 11:44:30,1135059270.0,jpm,0.614,39.6,14.351718163442099,1259.62,3.341564866394817,11.010153297047282
515,2011-11-04 10:15:51,1320381951.0,jpm,0.614,34.38,-0.721917412647993,1253.23,2.8173173953350927,-3.5392348079830858
516,2012-11-18 06:36:14,1353200774.0,jpm,0.614,39.53,14.14958128790066,1353.33,11.02970735669337,3.119873931207289
517,2010-12-05 05:13:22,1291506202.0,jpm,0.614,39.61,14.380594859948012,1221.53,0.21659050447537287,14.164004355472638
518,2008-11-01 13:28:34,1225526314.0,jpm,0.614,41.25,19.11637308691885,930.09,-23.693688519882848,42.810061606801696
519,2013-02-06 07:55:16,1360117516.0,jpm,0.614,48.79,40.88940225238231,1512.12,24.05713394974114,16.83226830264117
520,2008-10-14 18:43:35,1223990015.0,jpm,0.614,41.0,18.394455674270855,998.01,-18.12140554110708,36.51586121537794
521,2008-04-26 04:49:23,1209165563.0,jpm,0.614,47.79,38.001732601790344,1379.93,13.212020772998379,24.789711828791965
522,2007-10-22 03:24:10,1193003650.0,jpm,0.614,45.02,30.00288766965059,1506.33,23.582111593334904,6.420776076315686
523,2005-02-04 08:01:57,1107484317.0,jpm,0.614,37.39,7.969968235633837,1203.03,-1.301183864007427,9.271152099641263
524,2007-05-01 11:53:17,1178000597.0,jpm,0.614,52.1,50.447588795841746,1486.3,21.93881318248569,28.508775613356057
525,2012-11-13 23:43:42,1352830422.0,jpm,0.614,40.04,15.622292809702559,1374.53,12.768994741116908,2.8532980685856515
526,2012-10-25 15:07:51,1351157871.0,jpm,0.614,41.96,21.16661853883915,1412.97,15.922683753250903,5.243934785588246
527,2010-01-05 23:09:25,1262713165.0,jpm,0.614,43.68,26.133410337857338,1136.52,-6.757787823347481,32.89119816120482
528,2006-07-15 15:22:03,1152957123.0,jpm,0.614,40.89,18.07681201270574,1258.6,3.257882171483875,14.818929841221866
529,2011-04-29 03:35:43,1304028343.0,jpm,0.614,45.85,32.39965347964192,1363.61,11.873097654423269,20.52655582521865
530,2008-12-20 20:40:25,1229785825.0,jpm,0.614,30.32,-12.445856194051407,904.42,-25.799703008474932,13.353846814423525
531,2006-06-16 02:55:23,1150406723.0,jpm,0.614,40.6,17.23938781403407,1251.54,2.6786666557277408,14.56072115830633
532,2009-03-31 00:16:02,1238438762.0,jpm,0.614,24.85,-28.24140918278949,797.87,-34.541262952358295,6.299853769568806
533,2012-01-03 13:31:10,1325577670.0,jpm,0.614,33.25,-3.984984117816929,1277.06,4.772374865656444,-8.757358983473374
534,2004-06-23 10:23:42,1087966422.0,jpm,0.614,36.96,6.72827028587929,1144.06,-6.139192215868548,12.867462501747838
535,2013-04-26 20:23:39,1366988019.0,jpm,0.614,48.88,41.1492925209356,1582.24,29.809909015579738,11.339383505355865
536,2012-07-26 00:41:15,1343243475.0,jpm,0.614,35.17,1.5593416113196625,1360.02,11.578567385079857,-10.019225773760194
537,2012-06-22 21:56:07,1340382367.0,jpm,0.614,35.99,3.92723072480508,1335.02,9.52752094118418,-5.600290216379101
538,2011-11-02 20:11:50,1320244910.0,jpm,0.614,33.66,-2.80103956107423,1237.9,1.5596157159382709,-4.360655277012501
539,2004-11-06 23:40:48,1099764648.0,jpm,0.614,39.35,13.629800750794105,1143.2,-6.209748213538551,19.839548964332657
540,2004-12-10 06:26:36,1102640196.0,jpm,0.614,37.69,8.83626913081142,1188.0,-2.5342729860775046,11.370542116888924
541,2011-12-29 04:29:02,1325113142.0,jpm,0.614,32.65,-5.717585908172116,1263.02,3.6205071827646367,-9.338093090936752
542,2012-03-09 20:57:31,1331306851.0,jpm,0.614,40.97,18.307825584753093,1370.87,12.468721541730572,5.839104043022521
543,2007-01-11 23:29:24,1168538364.0,jpm,0.614,48.31,39.503320820098175,1423.82,16.812837909901617,22.690482910196557
544,2008-12-18 00:42:43,1229541163.0,jpm,0.614,31.86,-7.998844932139772,885.28,-27.369984165921462,19.37113923378169
545,2008-01-23 15:48:06,1201083486.0,jpm,0.614,43.67,26.104533641351424,1338.6,9.821230791950036,16.283302849401387
546,2004-04-23 18:16:44,1082724404.0,jpm,0.614,38.2,10.308980652613341,1140.6,-6.423057043703713,16.732037696317054
547,2007-03-12 20:00:28,1173709828.0,jpm,0.614,48.87,41.12041582442967,1406.6,15.400077119346273,25.7203387050834
548,2005-01-16 07:46:01,1105841761.0,jpm,0.614,37.81,9.18278948888247,1177.45,-3.3998145854014763,12.582604074283946
